customer_id,frequency,recency_days,monetary_inr,segment
C0001,3,132,7036.600000,Lapsed
C0002,1,352,4125.600000,Lapsed
C0003,5,19,15520.300000,Active repeat
C0004,4,186,14611.650000,Lapsed
C0005,7,10,29100.150000,Active repeat
C0006,1,137,6120.000000,Lapsed
C0007,4,170,18787.300000,Lapsed
C0008,2,270,5429.000000,Lapsed
C0009,5,51,18166.500000,Active repeat
C0010,2,87,8102.400000,Active occasional
C0011,1,7,5576.000000,Active occasional
C0012,4,44,14676.150000,Active repeat
C0014,3,46,10624.400000,Active repeat
C0015,3,10,13810.500000,Active repeat
C0016,4,42,24391.950000,Active repeat
C0017,5,124,28906.200000,Lapsed
C0018,1,365,1762.050000,Lapsed
C0020,1,134,2070.000000,Lapsed
C0021,2,70,17246.300000,Active occasional
C0023,3,8,17400.550000,Active repeat
C0024,7,49,47279.800000,Active repeat
C0025,1,21,2235.600000,Active occasional
C0026,1,132,1922.800000,Lapsed
C0027,4,59,8055.000000,Active repeat
C0028,3,126,13549.200000,Lapsed
C0029,1,154,1759.500000,Lapsed
C0030,1,9,4028.000000,Active occasional
C0031,2,263,6069.000000,Lapsed
C0032,4,38,30841.200000,Active repeat
C0034,2,194,7714.300000,Lapsed
C0035,3,61,23889.800000,Active repeat
C0036,4,11,20027.000000,Active repeat
C0038,7,69,22546.150000,Active repeat
C0039,1,40,4461.000000,Active occasional
C0040,2,138,6382.800000,Lapsed
C0041,4,101,18282.900000,Lapsed
C0042,2,15,11282.400000,Active occasional
C0043,2,132,5388.500000,Lapsed
C0044,5,28,23010.600000,Active repeat
C0045,2,40,7402.200000,Active occasional
C0046,2,71,5598.400000,Active occasional
C0047,5,133,22686.750000,Lapsed
C0048,3,46,18706.100000,Active repeat
C0049,2,94,6960.600000,Lapsed
C0050,4,55,18835.400000,Active repeat
C0051,3,110,29982.000000,Lapsed
C0052,3,77,13794.900000,Active repeat
C0053,2,313,14470.000000,Lapsed
C0055,5,118,14648.500000,Lapsed
C0056,3,59,6695.050000,Active repeat
C0057,5,93,33902.050000,Lapsed
C0058,5,13,14427.850000,Active repeat
C0059,3,6,21182.000000,Active repeat
C0060,2,12,12230.400000,Active occasional
C0061,7,28,49824.600000,Active repeat
C0062,3,159,17080.850000,Lapsed
C0063,1,127,1154.000000,Lapsed
C0064,3,91,16417.700000,Lapsed
C0065,1,45,1360.000000,Active occasional
C0066,2,183,5971.350000,Lapsed
C0067,3,74,11504.550000,Active repeat
C0068,1,203,14930.200000,Lapsed
C0069,6,44,34936.300000,Active repeat
C0070,2,98,11990.000000,Lapsed
C0071,5,31,24583.800000,Active repeat
C0072,3,102,12680.050000,Lapsed
C0073,2,5,6464.200000,Active occasional
C0074,4,19,9304.600000,Active repeat
C0075,5,113,20064.400000,Lapsed
C0076,5,53,31526.800000,Active repeat
C0077,3,91,27127.600000,Lapsed
C0078,3,63,9674.650000,Active repeat
C0079,3,130,8128.450000,Lapsed
C0080,2,94,12372.600000,Lapsed
C0081,3,36,10825.400000,Active repeat
C0082,3,2,15892.900000,Active repeat
C0083,3,7,9224.800000,Active repeat
C0084,4,76,23185.100000,Active repeat
C0085,5,4,16639.500000,Active repeat
C0086,3,147,21471.700000,Lapsed
C0087,6,6,18130.100000,Active repeat
C0089,4,56,20106.150000,Active repeat
C0090,2,29,5042.000000,Active occasional
C0091,3,205,12928.800000,Lapsed
C0092,3,238,13209.050000,Lapsed
C0093,5,45,28982.600000,Active repeat
C0094,4,42,20970.800000,Active repeat
C0095,1,171,11531.100000,Lapsed
C0097,3,62,20483.300000,Active repeat
C0098,4,16,38974.900000,Active repeat
C0099,1,117,3481.600000,Lapsed
C0100,2,55,5083.750000,Active occasional
C0101,2,90,8475.350000,Active occasional
C0102,4,146,8539.000000,Lapsed
C0103,4,86,21491.800000,Active repeat
C0104,4,51,24042.200000,Active repeat
C0105,2,84,5031.300000,Active occasional
C0106,4,57,18072.350000,Active repeat
C0107,1,355,5479.600000,Lapsed
C0108,1,148,4243.650000,Lapsed
C0109,4,39,11953.400000,Active repeat
C0110,2,120,7807.750000,Lapsed
C0111,2,94,11385.750000,Lapsed
C0113,2,139,6903.700000,Lapsed
C0114,8,14,16827.750000,Active repeat
C0115,2,19,2704.450000,Active occasional
C0116,5,138,17491.900000,Lapsed
C0117,1,162,3357.000000,Lapsed
C0118,1,353,3700.000000,Lapsed
C0119,3,36,13556.200000,Active repeat
C0120,4,142,8366.800000,Lapsed
C0121,5,174,23028.250000,Lapsed
C0122,4,94,14928.550000,Lapsed
C0123,2,262,13116.100000,Lapsed
C0124,1,131,6885.000000,Lapsed
C0125,3,17,9640.500000,Active repeat
C0126,4,86,11051.800000,Active repeat
C0127,3,233,9993.550000,Lapsed
C0128,4,27,25109.000000,Active repeat
C0129,4,56,11803.400000,Active repeat
C0130,1,305,10490.400000,Lapsed
C0131,2,38,7171.200000,Active occasional
C0132,1,60,2126.000000,Active occasional
C0133,2,98,9539.200000,Lapsed
C0134,5,8,30659.000000,Active repeat
C0135,5,21,12974.400000,Active repeat
C0136,4,89,15612.700000,Active repeat
C0137,3,100,17728.700000,Lapsed
C0138,4,43,17456.250000,Active repeat
C0139,3,171,10178.700000,Lapsed
C0140,3,4,7691.000000,Active repeat
C0141,2,59,5581.450000,Active occasional
C0142,4,162,13061.000000,Lapsed
C0143,9,85,34341.650000,Active repeat
C0144,1,36,9114.000000,Active occasional
C0145,4,95,11938.800000,Lapsed
C0146,2,21,8323.200000,Active occasional
C0148,1,82,4590.000000,Active occasional
C0149,4,88,17269.150000,Active repeat
C0150,2,112,12232.800000,Lapsed
C0151,2,323,10813.500000,Lapsed
C0152,6,4,21196.000000,Active repeat
C0153,1,80,3033.600000,Active occasional
C0154,4,106,19992.650000,Lapsed
C0155,3,9,6822.200000,Active repeat
C0156,3,2,6370.200000,Active repeat
C0157,2,97,16586.400000,Lapsed
C0158,2,249,5790.600000,Lapsed
C0159,1,125,3387.000000,Lapsed
C0160,4,69,22281.200000,Active repeat
C0161,3,152,18655.200000,Lapsed
C0162,3,48,17758.600000,Active repeat
C0163,1,33,6771.000000,Active occasional
C0165,2,215,5914.650000,Lapsed
C0166,3,154,8949.600000,Lapsed
C0167,4,59,25759.300000,Active repeat
C0168,3,62,8319.800000,Active repeat
C0170,6,11,35718.000000,Active repeat
C0171,4,11,19481.800000,Active repeat
C0173,4,47,15377.700000,Active repeat
C0174,2,113,2583.000000,Lapsed
C0175,2,92,15176.000000,Lapsed
C0176,3,9,11607.150000,Active repeat
C0177,2,70,3259.850000,Active occasional
C0178,4,23,14728.900000,Active repeat
C0179,4,95,10830.900000,Lapsed
C0180,2,88,7179.600000,Active occasional
C0181,3,51,10521.000000,Active repeat
C0182,5,28,33777.300000,Active repeat
C0183,3,139,15516.000000,Lapsed
C0184,1,140,425.600000,Lapsed
C0185,3,41,5854.100000,Active repeat
C0186,2,15,5730.000000,Active occasional
C0187,1,35,10149.800000,Active occasional
C0188,1,327,3474.000000,Lapsed
C0189,2,149,8634.400000,Lapsed
C0190,4,9,7897.600000,Active repeat
C0191,3,110,3757.900000,Lapsed
C0192,4,1,26418.000000,Active repeat
C0193,2,220,19408.800000,Lapsed
C0194,1,139,2184.300000,Lapsed
C0195,6,177,29122.300000,Lapsed
C0196,5,57,35395.600000,Active repeat
C0197,2,83,7878.000000,Active occasional
C0198,2,172,10625.000000,Lapsed
C0199,3,9,9026.650000,Active repeat
C0200,4,73,26133.500000,Active repeat
C0201,4,85,17729.600000,Active repeat
C0202,4,53,22884.300000,Active repeat
C0203,2,28,10333.950000,Active occasional
C0205,2,190,5881.200000,Lapsed
C0206,1,132,2092.700000,Lapsed
C0207,3,142,8569.500000,Lapsed
C0208,3,33,10763.400000,Active repeat
C0209,2,82,2027.500000,Active occasional
C0210,5,33,25499.600000,Active repeat
C0211,6,49,14966.450000,Active repeat
C0212,4,112,16382.000000,Lapsed
C0213,5,80,34209.300000,Active repeat
C0214,2,220,22170.000000,Lapsed
C0215,2,50,11369.500000,Active occasional
C0216,5,64,23258.900000,Active repeat
C0217,4,25,9016.250000,Active repeat
C0218,4,15,12151.100000,Active repeat
C0219,4,18,18872.600000,Active repeat
C0220,6,59,18354.000000,Active repeat
C0221,3,181,7941.100000,Lapsed
C0223,1,109,13878.800000,Lapsed
C0224,4,78,11642.650000,Active repeat
C0226,3,161,6310.600000,Lapsed
C0227,3,173,17763.800000,Lapsed
C0228,5,1,28441.300000,Active repeat
C0229,5,104,18843.400000,Lapsed
C0230,3,24,12256.200000,Active repeat
C0231,2,4,12464.000000,Active occasional
C0232,5,35,17754.400000,Active repeat
C0233,7,6,26735.700000,Active repeat
C0234,6,35,39803.100000,Active repeat
C0235,3,141,28644.850000,Lapsed
C0236,4,325,26487.900000,Lapsed
C0237,2,27,17760.000000,Active occasional
C0238,1,22,1313.000000,Active occasional
C0239,3,113,30350.400000,Lapsed
C0240,3,29,5584.500000,Active repeat
C0241,5,56,27780.850000,Active repeat
C0242,2,135,17057.400000,Lapsed
C0243,3,54,21867.100000,Active repeat
C0244,5,44,18385.400000,Active repeat
C0245,3,168,12651.800000,Lapsed
C0246,2,196,6871.050000,Lapsed
C0247,2,29,8918.550000,Active occasional
C0248,5,9,20160.300000,Active repeat
C0249,2,157,17924.000000,Lapsed
C0250,1,302,4197.000000,Lapsed
C0251,2,243,16109.900000,Lapsed
C0252,4,15,28768.000000,Active repeat
C0253,3,92,17066.750000,Lapsed
C0254,6,134,42545.000000,Lapsed
C0255,1,305,6865.200000,Lapsed
C0256,2,284,6972.800000,Lapsed
C0257,2,161,3587.000000,Lapsed
C0258,4,76,22098.500000,Active repeat
C0259,5,149,32591.350000,Lapsed
C0260,3,162,14721.100000,Lapsed
C0261,1,19,14232.400000,Active occasional
C0262,2,28,19604.700000,Active occasional
C0263,2,14,4743.550000,Active occasional
C0264,1,337,747.000000,Lapsed
C0265,7,98,30298.300000,Lapsed
C0267,2,65,6032.500000,Active occasional
C0268,3,40,8101.100000,Active repeat
C0270,2,109,11806.900000,Lapsed
C0271,7,27,26519.500000,Active repeat
C0272,4,239,25582.600000,Lapsed
C0273,6,28,26519.800000,Active repeat
C0274,4,20,9460.400000,Active repeat
C0275,4,75,22312.500000,Active repeat
C0276,2,280,6814.200000,Lapsed
C0277,3,26,11682.750000,Active repeat
C0278,3,49,10560.400000,Active repeat
C0279,1,307,2686.600000,Lapsed
C0280,1,89,3472.000000,Active occasional
C0281,3,241,9630.400000,Lapsed
C0282,4,6,19974.550000,Active repeat
C0283,2,139,1169.250000,Lapsed
C0284,2,249,13973.800000,Lapsed
C0285,5,80,14052.700000,Active repeat
C0286,1,83,3575.100000,Active occasional
C0287,3,117,12179.800000,Lapsed
C0288,4,34,13713.700000,Active repeat
C0289,2,75,13144.000000,Active occasional
C0290,1,89,7514.000000,Active occasional
C0291,3,169,16913.600000,Lapsed
C0292,5,27,22542.400000,Active repeat
C0293,5,3,35108.800000,Active repeat
C0294,7,40,21772.900000,Active repeat
C0295,4,56,15600.900000,Active repeat
C0296,2,293,12334.200000,Lapsed
C0297,2,231,5234.200000,Lapsed
C0298,4,223,22268.300000,Lapsed
C0299,1,111,5609.600000,Lapsed
C0300,3,26,14692.900000,Active repeat
C0301,5,4,20634.900000,Active repeat
C0302,2,302,14355.400000,Lapsed
C0303,2,144,16319.200000,Lapsed
C0304,2,138,9884.800000,Lapsed
C0305,2,189,5200.300000,Lapsed
C0306,1,62,1344.600000,Active occasional
C0307,2,268,8723.400000,Lapsed
C0308,1,260,2556.000000,Lapsed
C0309,4,5,18721.200000,Active repeat
C0310,5,4,16255.250000,Active repeat
C0311,6,18,19519.250000,Active repeat
C0312,1,264,8527.200000,Lapsed
C0313,5,2,25072.150000,Active repeat
C0314,2,42,4029.000000,Active occasional
C0316,4,49,16595.650000,Active repeat
C0317,6,56,40297.400000,Active repeat
C0318,1,119,1338.000000,Lapsed
C0319,2,300,5007.000000,Lapsed
C0320,2,28,3995.600000,Active occasional
C0321,3,45,4917.600000,Active repeat
C0322,4,256,31980.000000,Lapsed
C0323,5,63,26039.900000,Active repeat
C0324,2,322,2392.000000,Lapsed
C0325,4,46,19648.900000,Active repeat
C0326,2,36,9542.000000,Active occasional
C0327,5,59,21463.400000,Active repeat
C0328,2,104,4078.800000,Lapsed
C0330,2,51,11941.000000,Active occasional
C0331,6,122,16282.500000,Lapsed
C0332,3,29,5335.700000,Active repeat
C0333,3,81,32215.200000,Active repeat
C0334,3,26,7109.200000,Active repeat
C0336,9,51,46578.850000,Active repeat
C0337,5,116,11903.700000,Lapsed
C0338,4,64,13313.850000,Active repeat
C0339,1,245,1724.000000,Lapsed
C0340,3,30,10536.550000,Active repeat
C0341,1,120,7020.000000,Lapsed
C0342,1,3,2316.000000,Active occasional
C0343,2,155,2951.300000,Lapsed
C0344,3,122,10566.400000,Lapsed
C0345,3,31,11312.000000,Active repeat
C0346,3,74,20523.200000,Active repeat
C0347,4,4,6503.800000,Active repeat
C0348,4,157,11989.450000,Lapsed
C0349,4,160,15320.150000,Lapsed
C0350,3,229,7642.550000,Lapsed
