month,placed_orders,completed_orders,returned_orders,net_revenue_inr,gross_profit_inr,previous_revenue,revenue_mom_pct
2025-01,91,81,4,359740.750000,111159.880000,,
2025-02,102,90,8,442277.400000,143966.850000,359740.750000,22.943370
2025-03,84,79,2,377428.200000,110076.660000,442277.400000,-14.662562
2025-04,92,77,10,296999.650000,93973.540000,377428.200000,-21.309629
2025-05,93,77,11,379161.700000,112188.700000,296999.650000,27.664022
2025-06,116,99,8,428191.000000,126869.020000,379161.700000,12.930974
2025-07,104,92,7,441184.650000,134092.560000,428191.000000,3.034545
2025-08,104,94,5,417350.500000,124306.300000,441184.650000,-5.402307
2025-09,96,81,7,354979.750000,113663.500000,417350.500000,-14.944453
2025-10,93,76,12,338664.900000,101203.350000,354979.750000,-4.595995
2025-11,114,99,9,440977.450000,137974.330000,338664.900000,30.210556
2025-12,105,89,10,400708.800000,123823.980000,440977.450000,-9.131680
